time,applicationName,deviceName,devEui,message_type,fPort,fCnt,gps_valid,gps_quality_acceptable,latitude,longitude,altitude_m,hdop,satellites,frequency_hz,spreading_factor,bandwidth_hz,code_rate,gateway_count,strongest_gateway_name,strongest_gateway_id,min_rssi,max_rssi,min_snr,max_snr,min_distance_m,max_distance_m,downlink_published,downlink_payload_hex,downlink_sequence,downlink_min_distance_step,downlink_max_distance_step,gateways_received
2026-09-04 10:08:27,Tests,SignalTester,ac1f09fffe10547c,field_test,1,1,True,True,9.0247553,-79.5345737,73.0,1.9,7.0,904700000,10,125000,CR_4_5,3,GatewayELIIDobleBanda815,5813d3fffe69a166,-119.0,-95.0,-5.5,11.5,45.6,409.3,True,015169010203,1,1,2,"[{""gatewayName"":""GatewayELIIDobleBanda815"",""gatewayId"":""5813d3fffe69a166"",""rssi"":-95.0,""snr"":11.5,""latitude"":9.02454,""longitude"":-79.53422,""distance_m"":45.6},{""gatewayName"":""GatewayFacilidadesDobleBanda815"",""gatewayId"":""5813d3fffe4e3661"",""rssi"":-112.0,""snr"":3.8,""latitude"":9.02349,""longitude"":-79.53223,""distance_m"":293.3},{""gatewayName"":""5813d3fffe69a1e6"",""gatewayId"":""5813d3fffe69a1e6"",""rssi"":-119.0,""snr"":-5.5,""latitude"":9.02195,""longitude"":-79.53216,""distance_m"":409.3}]"
2026-09-04 10:09:57,Tests,SignalTester,ac1f09fffe10547c,field_test,1,2,True,True,9.0246581,-79.5350467,31.0,1.9,7.0,904300000,10,125000,CR_4_5,3,GatewayELIIDobleBanda815,5813d3fffe69a166,-115.0,-85.0,-12.2,8.0,91.7,437.2,True,025573010203,2,1,2,"[{""gatewayName"":""GatewayELIIDobleBanda815"",""gatewayId"":""5813d3fffe69a166"",""rssi"":-85.0,""snr"":8.0,""latitude"":9.02454,""longitude"":-79.53422,""distance_m"":91.7},{""gatewayName"":""5813d3fffe69a1e6"",""gatewayId"":""5813d3fffe69a1e6"",""rssi"":-113.0,""snr"":-12.2,""latitude"":9.02195,""longitude"":-79.53216,""distance_m"":437.2},{""gatewayName"":""GatewayFacilidadesDobleBanda815"",""gatewayId"":""5813d3fffe4e3661"",""rssi"":-115.0,""snr"":1.2,""latitude"":9.02349,""longitude"":-79.53223,""distance_m"":335.5}]"
2026-09-04 10:10:12,Tests,SignalTester,ac1f09fffe10547c,field_test,1,3,True,True,9.0246365,-79.5349822,35.0,1.9,7.0,904100000,10,125000,CR_4_5,3,GatewayELIIDobleBanda815,5813d3fffe69a166,-119.0,-94.0,-6.0,11.8,84.4,430.5,True,03516a010203,3,1,2,"[{""gatewayName"":""GatewayELIIDobleBanda815"",""gatewayId"":""5813d3fffe69a166"",""rssi"":-94.0,""snr"":11.8,""latitude"":9.02454,""longitude"":-79.53422,""distance_m"":84.4},{""gatewayName"":""GatewayFacilidadesDobleBanda815"",""gatewayId"":""5813d3fffe4e3661"",""rssi"":-115.0,""snr"":4.5,""latitude"":9.02349,""longitude"":-79.53223,""distance_m"":328.0},{""gatewayName"":""5813d3fffe69a1e6"",""gatewayId"":""5813d3fffe69a1e6"",""rssi"":-119.0,""snr"":-6.0,""latitude"":9.02195,""longitude"":-79.53216,""distance_m"":430.5}]"
2026-09-04 10:10:27,Tests,SignalTester,ac1f09fffe10547c,field_test,1,4,True,True,9.0246689,-79.5349177,35.0,1.9,7.0,905300000,7,125000,CR_4_5,2,GatewayELIIDobleBanda815,5813d3fffe69a166,-118.0,-88.0,-4.5,9.5,77.9,323.0,True,045270010202,4,1,2,"[{""gatewayName"":""GatewayELIIDobleBanda815"",""gatewayId"":""5813d3fffe69a166"",""rssi"":-88.0,""snr"":9.5,""latitude"":9.02454,""longitude"":-79.53422,""distance_m"":77.9},{""gatewayName"":""GatewayFacilidadesDobleBanda815"",""gatewayId"":""5813d3fffe4e3661"",""rssi"":-118.0,""snr"":-4.5,""latitude"":9.02349,""longitude"":-79.53223,""distance_m"":323.0}]"
2026-09-04 10:10:42,Tests,SignalTester,ac1f09fffe10547c,field_test,1,5,True,True,9.0246257,-79.5348962,36.0,1.9,7.0,905100000,7,125000,CR_4_5,3,GatewayELIIDobleBanda815,5813d3fffe69a166,-119.0,-95.0,-1.8,10.0,74.9,422.9,True,055169010203,5,1,2,"[{""gatewayName"":""GatewayELIIDobleBanda815"",""gatewayId"":""5813d3fffe69a166"",""rssi"":-95.0,""snr"":10.0,""latitude"":9.02454,""longitude"":-79.53422,""distance_m"":74.9},{""gatewayName"":""GatewayFacilidadesDobleBanda815"",""gatewayId"":""5813d3fffe4e3661"",""rssi"":-115.0,""snr"":1.0,""latitude"":9.02349,""longitude"":-79.53223,""distance_m"":318.9},{""gatewayName"":""5813d3fffe69a1e6"",""gatewayId"":""5813d3fffe69a1e6"",""rssi"":-119.0,""snr"":-1.8,""latitude"":9.02195,""longitude"":-79.53216,""distance_m"":422.9}]"
2026-09-04 10:10:56,Tests,SignalTester,ac1f09fffe10547c,field_test,1,6,True,True,9.0246149,-79.5348532,33.0,1.9,7.0,903900000,7,125000,CR_4_5,3,GatewayELIIDobleBanda815,5813d3fffe69a166,-119.0,-96.0,-5.0,9.2,70.0,418.7,True,065168010203,6,1,2,"[{""gatewayName"":""GatewayELIIDobleBanda815"",""gatewayId"":""5813d3fffe69a166"",""rssi"":-96.0,""snr"":9.2,""latitude"":9.02454,""longitude"":-79.53422,""distance_m"":70.0},{""gatewayName"":""GatewayFacilidadesDobleBanda815"",""gatewayId"":""5813d3fffe4e3661"",""rssi"":-113.0,""snr"":4.5,""latitude"":9.02349,""longitude"":-79.53223,""distance_m"":314.1},{""gatewayName"":""5813d3fffe69a1e6"",""gatewayId"":""5813d3fffe69a1e6"",""rssi"":-119.0,""snr"":-5.0,""latitude"":9.02195,""longitude"":-79.53216,""distance_m"":418.7}]"
2026-09-04 10:11:16,Tests,SignalTester,ac1f09fffe10547c,field_test,1,7,True,True,9.0246473,-79.5348102,32.0,1.9,7.0,904700000,7,125000,CR_4_5,3,GatewayELIIDobleBanda815,5813d3fffe69a166,-117.0,-91.0,-4.5,10.0,65.9,417.9,True,07536d010203,7,1,2,"[{""gatewayName"":""GatewayELIIDobleBanda815"",""gatewayId"":""5813d3fffe69a166"",""rssi"":-91.0,""snr"":10.0,""latitude"":9.02454,""longitude"":-79.53422,""distance_m"":65.9},{""gatewayName"":""GatewayFacilidadesDobleBanda815"",""gatewayId"":""5813d3fffe4e3661"",""rssi"":-114.0,""snr"":3.8,""latitude"":9.02349,""longitude"":-79.53223,""distance_m"":311.2},{""gatewayName"":""5813d3fffe69a1e6"",""gatewayId"":""5813d3fffe69a1e6"",""rssi"":-117.0,""snr"":-4.5,""latitude"":9.02195,""longitude"":-79.53216,""distance_m"":417.9}]"
2026-09-04 10:11:26,Tests,SignalTester,ac1f09fffe10547c,field_test,1,8,True,True,9.0246689,-79.5347672,34.0,1.9,7.0,904900000,7,125000,CR_4_5,3,GatewayELIIDobleBanda815,5813d3fffe69a166,-119.0,-91.0,-3.2,9.2,61.8,416.4,True,08516d010203,8,1,2,"[{""gatewayName"":""GatewayELIIDobleBanda815"",""gatewayId"":""5813d3fffe69a166"",""rssi"":-91.0,""snr"":9.2,""latitude"":9.02454,""longitude"":-79.53422,""distance_m"":61.8},{""gatewayName"":""5813d3fffe69a1e6"",""gatewayId"":""5813d3fffe69a1e6"",""rssi"":-117.0,""snr"":-3.2,""latitude"":9.02195,""longitude"":-79.53216,""distance_m"":416.4},{""gatewayName"":""GatewayFacilidadesDobleBanda815"",""gatewayId"":""5813d3fffe4e3661"",""rssi"":-119.0,""snr"":-1.0,""latitude"":9.02349,""longitude"":-79.53223,""distance_m"":307.9}]"
2026-09-04 10:11:42,Tests,SignalTester,ac1f09fffe10547c,field_test,1,10,True,True,9.0247661,-79.5346382,40.0,1.2,8.0,904500000,7,125000,CR_4_5,1,GatewayELIIDobleBanda815,5813d3fffe69a166,-102.0,-102.0,9.0,9.0,52.4,52.4,True,0a6262010101,10,1,1,"[{""gatewayName"":""GatewayELIIDobleBanda815"",""gatewayId"":""5813d3fffe69a166"",""rssi"":-102.0,""snr"":9.0,""latitude"":9.02454,""longitude"":-79.53422,""distance_m"":52.4}]"
2026-09-04 10:11:56,Tests,SignalTester,ac1f09fffe10547c,field_test,1,11,True,True,9.0248093,-79.5345307,46.0,1.2,8.0,905300000,7,125000,CR_4_5,2,GatewayELIIDobleBanda815,5813d3fffe69a166,-120.0,-100.0,-5.2,9.0,45.4,292.7,True,0b5064010202,11,1,2,"[{""gatewayName"":""GatewayELIIDobleBanda815"",""gatewayId"":""5813d3fffe69a166"",""rssi"":-100.0,""snr"":9.0,""latitude"":9.02454,""longitude"":-79.53422,""distance_m"":45.4},{""gatewayName"":""GatewayFacilidadesDobleBanda815"",""gatewayId"":""5813d3fffe4e3661"",""rssi"":-120.0,""snr"":-5.2,""latitude"":9.02348,""longitude"":-79.53223,""distance_m"":292.7}]"
2026-09-04 10:12:12,Tests,SignalTester,ac1f09fffe10547c,field_test,1,12,True,True,9.0248093,-79.5344877,50.0,1.2,7.0,903900000,7,125000,CR_4_5,2,GatewayELIIDobleBanda815,5813d3fffe69a166,-120.0,-108.0,-5.2,6.8,42.0,288.7,True,0c505c010202,12,1,2,"[{""gatewayName"":""GatewayELIIDobleBanda815"",""gatewayId"":""5813d3fffe69a166"",""rssi"":-108.0,""snr"":6.8,""latitude"":9.02454,""longitude"":-79.53422,""distance_m"":42.0},{""gatewayName"":""GatewayFacilidadesDobleBanda815"",""gatewayId"":""5813d3fffe4e3661"",""rssi"":-120.0,""snr"":-5.2,""latitude"":9.02348,""longitude"":-79.53223,""distance_m"":288.7}]"
2026-09-04 10:12:27,Tests,SignalTester,ac1f09fffe10547c,field_test,1,13,True,True,9.0248201,-79.5344877,56.0,1.2,8.0,904300000,7,125000,CR_4_5,2,GatewayELIIDobleBanda815,5813d3fffe69a166,-119.0,-101.0,-8.2,7.0,42.8,289.3,True,0d5163010202,13,1,2,"[{""gatewayName"":""GatewayELIIDobleBanda815"",""gatewayId"":""5813d3fffe69a166"",""rssi"":-101.0,""snr"":7.0,""latitude"":9.02454,""longitude"":-79.53422,""distance_m"":42.8},{""gatewayName"":""GatewayFacilidadesDobleBanda815"",""gatewayId"":""5813d3fffe4e3661"",""rssi"":-119.0,""snr"":-8.2,""latitude"":9.02348,""longitude"":-79.53223,""distance_m"":289.3}]"
2026-09-04 10:12:42,Tests,SignalTester,ac1f09fffe10547c,field_test,1,14,True,True,9.0248201,-79.5344877,60.0,1.2,7.0,904100000,7,125000,CR_4_5,2,GatewayELIIDobleBanda815,5813d3fffe69a166,-119.0,-103.0,-4.8,8.8,42.8,288.3,True,0e5161010202,14,1,2,"[{""gatewayName"":""GatewayELIIDobleBanda815"",""gatewayId"":""5813d3fffe69a166"",""rssi"":-103.0,""snr"":8.8,""latitude"":9.02454,""longitude"":-79.53422,""distance_m"":42.8},{""gatewayName"":""GatewayFacilidadesDobleBanda815"",""gatewayId"":""5813d3fffe4e3661"",""rssi"":-119.0,""snr"":-4.8,""latitude"":9.02348,""longitude"":-79.53224,""distance_m"":288.3}]"
2026-09-04 10:12:56,Tests,SignalTester,ac1f09fffe10547c,field_test,1,15,True,True,9.0248093,-79.5344877,65.0,1.3,6.0,905100000,7,125000,CR_4_5,2,GatewayELIIDobleBanda815,5813d3fffe69a166,-118.0,-101.0,8.5,8.5,41.2,287.7,True,0f5263010202,15,1,2,"[{""gatewayName"":""GatewayELIIDobleBanda815"",""gatewayId"":""5813d3fffe69a166"",""rssi"":-101.0,""snr"":8.5,""latitude"":9.02454,""longitude"":-79.53423,""distance_m"":41.2},{""gatewayName"":""GatewayFacilidadesDobleBanda815"",""gatewayId"":""5813d3fffe4e3661"",""rssi"":-118.0,""snr"":null,""latitude"":9.02348,""longitude"":-79.53224,""distance_m"":287.7}]"
2026-09-04 10:13:11,Tests,SignalTester,ac1f09fffe10547c,field_test,1,16,True,True,9.0248201,-79.5344877,59.0,1.3,6.0,905300000,7,125000,CR_4_5,2,GatewayELIIDobleBanda815,5813d3fffe69a166,-119.0,-101.0,-2.0,3.5,42.1,288.3,True,105163010202,16,1,2,"[{""gatewayName"":""GatewayELIIDobleBanda815"",""gatewayId"":""5813d3fffe69a166"",""rssi"":-101.0,""snr"":3.5,""latitude"":9.02454,""longitude"":-79.53423,""distance_m"":42.1},{""gatewayName"":""GatewayFacilidadesDobleBanda815"",""gatewayId"":""5813d3fffe4e3661"",""rssi"":-119.0,""snr"":-2.0,""latitude"":9.02348,""longitude"":-79.53224,""distance_m"":288.3}]"
2026-09-04 10:13:27,Tests,SignalTester,ac1f09fffe10547c,field_test,1,17,True,True,9.0248093,-79.5344877,68.0,1.2,7.0,904700000,7,125000,CR_4_5,2,GatewayELIIDobleBanda815,5813d3fffe69a166,-118.0,-105.0,-5.5,4.0,41.2,287.7,True,11525f010202,17,1,2,"[{""gatewayName"":""GatewayELIIDobleBanda815"",""gatewayId"":""5813d3fffe69a166"",""rssi"":-105.0,""snr"":4.0,""latitude"":9.02454,""longitude"":-79.53423,""distance_m"":41.2},{""gatewayName"":""GatewayFacilidadesDobleBanda815"",""gatewayId"":""5813d3fffe4e3661"",""rssi"":-118.0,""snr"":-5.5,""latitude"":9.02348,""longitude"":-79.53224,""distance_m"":287.7}]"
2026-09-04 10:13:41,Tests,SignalTester,ac1f09fffe10547c,field_test,1,18,True,True,9.0247985,-79.5344662,78.0,1.2,7.0,904500000,7,125000,CR_4_5,2,GatewayELIIDobleBanda815,5813d3fffe69a166,-118.0,-102.0,-7.5,8.0,38.7,285.1,True,125262010202,18,1,2,"[{""gatewayName"":""GatewayELIIDobleBanda815"",""gatewayId"":""5813d3fffe69a166"",""rssi"":-102.0,""snr"":8.0,""latitude"":9.02454,""longitude"":-79.53423,""distance_m"":38.7},{""gatewayName"":""GatewayFacilidadesDobleBanda815"",""gatewayId"":""5813d3fffe4e3661"",""rssi"":-118.0,""snr"":-7.5,""latitude"":9.02348,""longitude"":-79.53224,""distance_m"":285.1}]"
2026-09-04 10:13:56,Tests,SignalTester,ac1f09fffe10547c,field_test,1,19,True,True,9.0247985,-79.5344877,78.0,1.2,7.0,904100000,7,125000,CR_4_5,1,GatewayELIIDobleBanda815,5813d3fffe69a166,-103.0,-103.0,8.5,8.5,40.3,40.3,True,136161010101,19,1,1,"[{""gatewayName"":""GatewayELIIDobleBanda815"",""gatewayId"":""5813d3fffe69a166"",""rssi"":-103.0,""snr"":8.5,""latitude"":9.02454,""longitude"":-79.53423,""distance_m"":40.3}]"
2026-09-04 10:14:12,Tests,SignalTester,ac1f09fffe10547c,field_test,1,20,True,True,9.0247985,-79.5344877,94.0,1.2,7.0,903900000,7,125000,CR_4_5,2,GatewayELIIDobleBanda815,5813d3fffe69a166,-120.0,-106.0,-8.0,7.2,40.3,287.1,True,14505e010202,20,1,2,"[{""gatewayName"":""GatewayELIIDobleBanda815"",""gatewayId"":""5813d3fffe69a166"",""rssi"":-106.0,""snr"":7.2,""latitude"":9.02454,""longitude"":-79.53423,""distance_m"":40.3},{""gatewayName"":""GatewayFacilidadesDobleBanda815"",""gatewayId"":""5813d3fffe4e3661"",""rssi"":-120.0,""snr"":-8.0,""latitude"":9.02348,""longitude"":-79.53224,""distance_m"":287.1}]"
2026-09-04 10:14:27,Tests,SignalTester,ac1f09fffe10547c,field_test,1,21,True,True,9.0248093,-79.5345092,91.0,1.2,7.0,904300000,7,125000,CR_4_5,1,GatewayELIIDobleBanda815,5813d3fffe69a166,-104.0,-104.0,7.0,7.0,42.9,42.9,True,156060010101,21,1,1,"[{""gatewayName"":""GatewayELIIDobleBanda815"",""gatewayId"":""5813d3fffe69a166"",""rssi"":-104.0,""snr"":7.0,""latitude"":9.02454,""longitude"":-79.53423,""distance_m"":42.9}]"
2026-09-04 10:14:42,Tests,SignalTester,ac1f09fffe10547c,field_test,1,22,True,True,9.0248201,-79.5345522,87.0,1.2,7.0,905100000,7,125000,CR_4_5,1,GatewayELIIDobleBanda815,5813d3fffe69a166,-103.0,-103.0,8.8,8.8,47.1,47.1,True,166161010101,22,1,1,"[{""gatewayName"":""GatewayELIIDobleBanda815"",""gatewayId"":""5813d3fffe69a166"",""rssi"":-103.0,""snr"":8.8,""latitude"":9.02454,""longitude"":-79.53423,""distance_m"":47.1}]"
2026-09-04 10:14:56,Tests,SignalTester,ac1f09fffe10547c,field_test,1,23,True,True,9.0248201,-79.5345522,91.0,1.2,7.0,904900000,7,125000,CR_4_5,2,GatewayELIIDobleBanda815,5813d3fffe69a166,-117.0,-107.0,-5.8,6.5,47.1,294.4,True,17535d010202,23,1,2,"[{""gatewayName"":""GatewayELIIDobleBanda815"",""gatewayId"":""5813d3fffe69a166"",""rssi"":-107.0,""snr"":6.5,""latitude"":9.02454,""longitude"":-79.53423,""distance_m"":47.1},{""gatewayName"":""GatewayFacilidadesDobleBanda815"",""gatewayId"":""5813d3fffe4e3661"",""rssi"":-117.0,""snr"":-5.8,""latitude"":9.02348,""longitude"":-79.53224,""distance_m"":294.4}]"
2026-09-04 10:15:12,Tests,SignalTester,ac1f09fffe10547c,field_test,1,24,True,True,9.0248417,-79.5345092,96.0,1.2,7.0,904300000,7,125000,CR_4_5,1,GatewayELIIDobleBanda815,5813d3fffe69a166,-98.0,-98.0,7.5,7.5,45.4,45.4,True,186666010101,24,1,1,"[{""gatewayName"":""GatewayELIIDobleBanda815"",""gatewayId"":""5813d3fffe69a166"",""rssi"":-98.0,""snr"":7.5,""latitude"":9.02454,""longitude"":-79.53423,""distance_m"":45.4}]"
2026-09-04 10:15:27,Tests,SignalTester,ac1f09fffe10547c,field_test,1,25,True,True,9.0248633,-79.5345307,96.0,1.2,7.0,904500000,7,125000,CR_4_5,1,GatewayELIIDobleBanda815,5813d3fffe69a166,-103.0,-103.0,7.8,7.8,48.8,48.8,True,196161010101,25,1,1,"[{""gatewayName"":""GatewayELIIDobleBanda815"",""gatewayId"":""5813d3fffe69a166"",""rssi"":-103.0,""snr"":7.8,""latitude"":9.02454,""longitude"":-79.53423,""distance_m"":48.8}]"
2026-09-04 10:15:42,Tests,SignalTester,ac1f09fffe10547c,field_test,1,26,True,True,9.0248417,-79.5345522,98.0,1.2,7.0,904100000,7,125000,CR_4_5,2,GatewayELIIDobleBanda815,5813d3fffe69a166,-120.0,-102.0,-6.8,8.5,48.8,297.2,True,1a5062010202,26,1,2,"[{""gatewayName"":""GatewayELIIDobleBanda815"",""gatewayId"":""5813d3fffe69a166"",""rssi"":-102.0,""snr"":8.5,""latitude"":9.02454,""longitude"":-79.53423,""distance_m"":48.8},{""gatewayName"":""GatewayFacilidadesDobleBanda815"",""gatewayId"":""5813d3fffe4e3661"",""rssi"":-120.0,""snr"":-6.8,""latitude"":9.02347,""longitude"":-79.53223,""distance_m"":297.2}]"
2026-09-04 10:15:57,Tests,SignalTester,ac1f09fffe10547c,field_test,1,27,True,True,9.0248525,-79.5345307,96.0,1.2,8.0,905100000,7,125000,CR_4_5,2,GatewayELIIDobleBanda815,5813d3fffe69a166,-118.0,-106.0,-7.0,8.8,47.9,295.8,True,1b525e010202,27,1,2,"[{""gatewayName"":""GatewayELIIDobleBanda815"",""gatewayId"":""5813d3fffe69a166"",""rssi"":-106.0,""snr"":8.8,""latitude"":9.02454,""longitude"":-79.53423,""distance_m"":47.9},{""gatewayName"":""GatewayFacilidadesDobleBanda815"",""gatewayId"":""5813d3fffe4e3661"",""rssi"":-118.0,""snr"":-7.0,""latitude"":9.02347,""longitude"":-79.53223,""distance_m"":295.8}]"
2026-09-04 10:16:12,Tests,SignalTester,ac1f09fffe10547c,field_test,1,28,True,True,9.0248525,-79.5345307,93.0,1.3,8.0,904700000,7,125000,CR_4_5,2,GatewayELIIDobleBanda815,5813d3fffe69a166,-118.0,-104.0,-8.8,7.8,47.9,414.8,True,1c5260010202,28,1,2,"[{""gatewayName"":""GatewayELIIDobleBanda815"",""gatewayId"":""5813d3fffe69a166"",""rssi"":-104.0,""snr"":7.8,""latitude"":9.02454,""longitude"":-79.53423,""distance_m"":47.9},{""gatewayName"":""5813d3fffe69a1e6"",""gatewayId"":""5813d3fffe69a1e6"",""rssi"":-118.0,""snr"":-8.8,""latitude"":9.02194,""longitude"":-79.53217,""distance_m"":414.8}]"
2026-09-04 10:16:32,Tests,SignalTester,ac1f09fffe10547c,field_test,1,29,True,True,9.0248741,-79.5345522,76.0,1.1,9.0,905100000,7,125000,CR_4_5,1,GatewayELIIDobleBanda815,5813d3fffe69a166,-102.0,-102.0,8.5,8.5,51.3,51.3,True,1d6262010101,29,1,1,"[{""gatewayName"":""GatewayELIIDobleBanda815"",""gatewayId"":""5813d3fffe69a166"",""rssi"":-102.0,""snr"":8.5,""latitude"":9.02454,""longitude"":-79.53423,""distance_m"":51.3}]"
2026-09-04 10:16:42,Tests,SignalTester,ac1f09fffe10547c,field_test,1,30,True,True,9.0248633,-79.5345737,64.0,1.1,9.0,904900000,7,125000,CR_4_5,2,GatewayELIIDobleBanda815,5813d3fffe69a166,-117.0,-114.0,-6.0,-2.0,52.1,299.5,True,1e5356010202,30,1,2,"[{""gatewayName"":""GatewayELIIDobleBanda815"",""gatewayId"":""5813d3fffe69a166"",""rssi"":-114.0,""snr"":-2.0,""latitude"":9.02454,""longitude"":-79.53423,""distance_m"":52.1},{""gatewayName"":""GatewayFacilidadesDobleBanda815"",""gatewayId"":""5813d3fffe4e3661"",""rssi"":-117.0,""snr"":-6.0,""latitude"":9.02347,""longitude"":-79.53224,""distance_m"":299.5}]"
2026-09-04 10:16:57,Tests,SignalTester,ac1f09fffe10547c,field_test,1,32,True,True,9.0248309,-79.5346382,61.0,1.1,9.0,905300000,7,125000,CR_4_5,2,GatewayELIIDobleBanda815,5813d3fffe69a166,-120.0,-102.0,-8.8,6.5,55.3,303.7,True,205062010202,32,1,2,"[{""gatewayName"":""GatewayELIIDobleBanda815"",""gatewayId"":""5813d3fffe69a166"",""rssi"":-102.0,""snr"":6.5,""latitude"":9.02454,""longitude"":-79.53423,""distance_m"":55.3},{""gatewayName"":""GatewayFacilidadesDobleBanda815"",""gatewayId"":""5813d3fffe4e3661"",""rssi"":-120.0,""snr"":-8.8,""latitude"":9.02347,""longitude"":-79.53224,""distance_m"":303.7}]"
2026-09-04 10:17:12,Tests,SignalTester,ac1f09fffe10547c,field_test,1,33,True,True,9.0248093,-79.5346382,60.0,1.1,10.0,904300000,7,125000,CR_4_5,2,GatewayELIIDobleBanda815,5813d3fffe69a166,-117.0,-102.0,-5.8,6.8,53.9,302.6,True,215362010202,33,1,2,"[{""gatewayName"":""GatewayELIIDobleBanda815"",""gatewayId"":""5813d3fffe69a166"",""rssi"":-102.0,""snr"":6.8,""latitude"":9.02454,""longitude"":-79.53423,""distance_m"":53.9},{""gatewayName"":""GatewayFacilidadesDobleBanda815"",""gatewayId"":""5813d3fffe4e3661"",""rssi"":-117.0,""snr"":-5.8,""latitude"":9.02347,""longitude"":-79.53224,""distance_m"":302.6}]"
2026-09-04 10:17:26,Tests,SignalTester,ac1f09fffe10547c,field_test,1,34,True,True,9.0248309,-79.5346597,52.0,1.1,8.0,905300000,7,125000,CR_4_5,2,GatewayELIIDobleBanda815,5813d3fffe69a166,-119.0,-105.0,-4.0,7.8,57.2,305.8,True,22515f010202,34,1,2,"[{""gatewayName"":""GatewayELIIDobleBanda815"",""gatewayId"":""5813d3fffe69a166"",""rssi"":-105.0,""snr"":7.8,""latitude"":9.02454,""longitude"":-79.53423,""distance_m"":57.2},{""gatewayName"":""GatewayFacilidadesDobleBanda815"",""gatewayId"":""5813d3fffe4e3661"",""rssi"":-119.0,""snr"":-4.0,""latitude"":9.02347,""longitude"":-79.53224,""distance_m"":305.8}]"
2026-09-04 10:17:42,Tests,SignalTester,ac1f09fffe10547c,field_test,1,35,True,True,9.0248201,-79.5346382,60.0,1.2,8.0,903900000,7,125000,CR_4_5,1,GatewayELIIDobleBanda815,5813d3fffe69a166,-103.0,-103.0,8.8,8.8,54.6,54.6,True,236161010101,35,1,1,"[{""gatewayName"":""GatewayELIIDobleBanda815"",""gatewayId"":""5813d3fffe69a166"",""rssi"":-103.0,""snr"":8.8,""latitude"":9.02454,""longitude"":-79.53423,""distance_m"":54.6}]"
2026-09-04 10:17:56,Tests,SignalTester,ac1f09fffe10547c,field_test,1,36,True,True,9.0247877,-79.5346167,63.0,1.4,7.0,904500000,7,125000,CR_4_5,2,GatewayFacilidadesDobleBanda815,5813d3fffe4e3661,-115.0,-112.0,3.2,4.0,50.6,300.3,True,245558010202,36,1,2,"[{""gatewayName"":""GatewayFacilidadesDobleBanda815"",""gatewayId"":""5813d3fffe4e3661"",""rssi"":-112.0,""snr"":4.0,""latitude"":9.02347,""longitude"":-79.53223,""distance_m"":300.3},{""gatewayName"":""GatewayELIIDobleBanda815"",""gatewayId"":""5813d3fffe69a166"",""rssi"":-115.0,""snr"":3.2,""latitude"":9.02454,""longitude"":-79.53423,""distance_m"":50.6}]"
2026-09-04 10:19:57,Tests,SignalTester,ac1f09fffe10547c,field_test,1,37,True,True,9.0244961,-79.5340362,61.0,1.3,6.0,904900000,7,125000,CR_4_5,2,GatewayELIIDobleBanda815,5813d3fffe69a166,-100.0,-97.0,9.2,9.5,20.8,228.8,True,256467010102,37,1,1,"[{""gatewayName"":""GatewayELIIDobleBanda815"",""gatewayId"":""5813d3fffe69a166"",""rssi"":-97.0,""snr"":9.5,""latitude"":9.02454,""longitude"":-79.53422,""distance_m"":20.8},{""gatewayName"":""GatewayFacilidadesDobleBanda815"",""gatewayId"":""5813d3fffe4e3661"",""rssi"":-100.0,""snr"":9.2,""latitude"":9.02347,""longitude"":-79.53223,""distance_m"":228.8}]"
2026-09-04 10:20:12,Tests,SignalTester,ac1f09fffe10547c,field_test,1,38,True,True,9.0244097,-79.5342512,76.0,1.1,8.0,905100000,7,125000,CR_4_5,2,GatewayELIIDobleBanda815,5813d3fffe69a166,-103.0,-99.0,9.0,9.5,14.9,245.3,True,266165010102,38,1,1,"[{""gatewayName"":""GatewayELIIDobleBanda815"",""gatewayId"":""5813d3fffe69a166"",""rssi"":-99.0,""snr"":9.5,""latitude"":9.02454,""longitude"":-79.53422,""distance_m"":14.9},{""gatewayName"":""GatewayFacilidadesDobleBanda815"",""gatewayId"":""5813d3fffe4e3661"",""rssi"":-103.0,""snr"":9.0,""latitude"":9.02347,""longitude"":-79.53223,""distance_m"":245.3}]"
2026-09-04 10:20:27,Tests,SignalTester,ac1f09fffe10547c,field_test,1,39,True,True,9.0244421,-79.5342082,82.0,1.3,6.0,904300000,7,125000,CR_4_5,2,GatewayELIIDobleBanda815,5813d3fffe69a166,-107.0,-99.0,5.8,7.0,11.0,242.6,True,275d65010102,39,1,1,"[{""gatewayName"":""GatewayELIIDobleBanda815"",""gatewayId"":""5813d3fffe69a166"",""rssi"":-99.0,""snr"":7.0,""latitude"":9.02454,""longitude"":-79.53422,""distance_m"":11.0},{""gatewayName"":""GatewayFacilidadesDobleBanda815"",""gatewayId"":""5813d3fffe4e3661"",""rssi"":-107.0,""snr"":5.8,""latitude"":9.02347,""longitude"":-79.53223,""distance_m"":242.6}]"
2026-09-04 10:20:42,Tests,SignalTester,ac1f09fffe10547c,field_test,1,40,True,True,9.0244421,-79.5341867,72.0,1.2,7.0,904100000,7,125000,CR_4_5,2,GatewayELIIDobleBanda815,5813d3fffe69a166,-109.0,-94.0,5.2,9.2,11.5,241.0,True,285b6a010102,40,1,1,"[{""gatewayName"":""GatewayELIIDobleBanda815"",""gatewayId"":""5813d3fffe69a166"",""rssi"":-94.0,""snr"":9.2,""latitude"":9.02454,""longitude"":-79.53422,""distance_m"":11.5},{""gatewayName"":""GatewayFacilidadesDobleBanda815"",""gatewayId"":""5813d3fffe4e3661"",""rssi"":-109.0,""snr"":5.2,""latitude"":9.02346,""longitude"":-79.53223,""distance_m"":241.0}]"
2026-09-04 10:20:57,Tests,SignalTester,ac1f09fffe10547c,field_test,1,41,True,True,9.0244421,-79.5342082,69.0,1.2,7.0,905300000,7,125000,CR_4_5,2,GatewayELIIDobleBanda815,5813d3fffe69a166,-102.0,-99.0,4.2,5.0,11.1,243.1,True,296265010102,41,1,1,"[{""gatewayName"":""GatewayELIIDobleBanda815"",""gatewayId"":""5813d3fffe69a166"",""rssi"":-99.0,""snr"":4.2,""latitude"":9.02454,""longitude"":-79.53423,""distance_m"":11.1},{""gatewayName"":""GatewayFacilidadesDobleBanda815"",""gatewayId"":""5813d3fffe4e3661"",""rssi"":-102.0,""snr"":5.0,""latitude"":9.02346,""longitude"":-79.53223,""distance_m"":243.1}]"
2026-09-04 10:21:11,Tests,SignalTester,ac1f09fffe10547c,field_test,1,42,True,True,9.0244421,-79.5342082,84.0,0.8,9.0,904300000,7,125000,CR_4_5,2,GatewayELIIDobleBanda815,5813d3fffe69a166,-108.0,-96.0,6.0,7.5,11.1,243.1,True,2a5c68010102,42,1,1,"[{""gatewayName"":""GatewayELIIDobleBanda815"",""gatewayId"":""5813d3fffe69a166"",""rssi"":-96.0,""snr"":7.5,""latitude"":9.02454,""longitude"":-79.53423,""distance_m"":11.1},{""gatewayName"":""GatewayFacilidadesDobleBanda815"",""gatewayId"":""5813d3fffe4e3661"",""rssi"":-108.0,""snr"":6.0,""latitude"":9.02346,""longitude"":-79.53223,""distance_m"":243.1}]"
2026-09-04 10:21:27,Tests,SignalTester,ac1f09fffe10547c,field_test,1,43,True,True,9.0243665,-79.5341867,117.0,0.9,8.0,903900000,7,125000,CR_4_5,2,GatewayELIIDobleBanda815,5813d3fffe69a166,-112.0,-99.0,6.2,9.8,19.9,237.3,True,2b5865010102,43,1,1,"[{""gatewayName"":""GatewayELIIDobleBanda815"",""gatewayId"":""5813d3fffe69a166"",""rssi"":-99.0,""snr"":9.8,""latitude"":9.02454,""longitude"":-79.53423,""distance_m"":19.9},{""gatewayName"":""GatewayFacilidadesDobleBanda815"",""gatewayId"":""5813d3fffe4e3661"",""rssi"":-112.0,""snr"":6.2,""latitude"":9.02346,""longitude"":-79.53223,""distance_m"":237.3}]"
2026-09-04 10:21:42,Tests,SignalTester,ac1f09fffe10547c,field_test,1,44,True,True,9.0243665,-79.5341652,123.0,0.8,9.0,905100000,7,125000,CR_4_5,3,GatewayFacilidadesDobleBanda815,5813d3fffe4e3661,-112.0,-89.0,5.2,9.5,20.6,348.4,True,2c586f010203,44,1,2,"[{""gatewayName"":""GatewayFacilidadesDobleBanda815"",""gatewayId"":""5813d3fffe4e3661"",""rssi"":-89.0,""snr"":8.5,""latitude"":9.02346,""longitude"":-79.53222,""distance_m"":236.2},{""gatewayName"":""GatewayELIIDobleBanda815"",""gatewayId"":""5813d3fffe69a166"",""rssi"":-90.0,""snr"":9.5,""latitude"":9.02454,""longitude"":-79.53423,""distance_m"":20.6},{""gatewayName"":""5813d3fffe69a1e6"",""gatewayId"":""5813d3fffe69a1e6"",""rssi"":-112.0,""snr"":5.2,""latitude"":9.02193,""longitude"":-79.53217,""distance_m"":348.4}]"
2026-09-04 10:21:57,Tests,SignalTester,ac1f09fffe10547c,field_test,1,45,True,True,9.0243341,-79.5340792,113.0,0.7,10.0,904900000,7,125000,CR_4_5,3,GatewayELIIDobleBanda815,5813d3fffe69a166,-111.0,-91.0,5.2,8.8,28.3,339.7,True,2d596d010203,45,1,2,"[{""gatewayName"":""GatewayELIIDobleBanda815"",""gatewayId"":""5813d3fffe69a166"",""rssi"":-91.0,""snr"":8.8,""latitude"":9.02454,""longitude"":-79.53423,""distance_m"":28.3},{""gatewayName"":""GatewayFacilidadesDobleBanda815"",""gatewayId"":""5813d3fffe4e3661"",""rssi"":-105.0,""snr"":8.5,""latitude"":9.02346,""longitude"":-79.53222,""distance_m"":226.1},{""gatewayName"":""5813d3fffe69a1e6"",""gatewayId"":""5813d3fffe69a1e6"",""rssi"":-111.0,""snr"":5.2,""latitude"":9.02193,""longitude"":-79.53217,""distance_m"":339.7}]"
2026-09-04 10:22:12,Tests,SignalTester,ac1f09fffe10547c,field_test,1,46,True,True,9.0242045,-79.5340147,103.0,0.7,12.0,904100000,7,125000,CR_4_5,2,GatewayELIIDobleBanda815,5813d3fffe69a166,-95.0,-90.0,9.8,10.5,44.2,213.8,True,2e696e010102,46,1,1,"[{""gatewayName"":""GatewayELIIDobleBanda815"",""gatewayId"":""5813d3fffe69a166"",""rssi"":-90.0,""snr"":9.8,""latitude"":9.02454,""longitude"":-79.53423,""distance_m"":44.2},{""gatewayName"":""GatewayFacilidadesDobleBanda815"",""gatewayId"":""5813d3fffe4e3661"",""rssi"":-95.0,""snr"":10.5,""latitude"":9.02346,""longitude"":-79.53222,""distance_m"":213.8}]"
2026-09-04 10:22:26,Tests,SignalTester,ac1f09fffe10547c,field_test,1,48,True,True,9.0241397,-79.5340792,88.0,0.8,11.0,905100000,7,125000,CR_4_5,3,GatewayELIIDobleBanda815,5813d3fffe69a166,-114.0,-82.0,3.8,9.5,47.5,323.0,True,305676010203,48,1,2,"[{""gatewayName"":""GatewayELIIDobleBanda815"",""gatewayId"":""5813d3fffe69a166"",""rssi"":-82.0,""snr"":9.5,""latitude"":9.02454,""longitude"":-79.53423,""distance_m"":47.5},{""gatewayName"":""GatewayFacilidadesDobleBanda815"",""gatewayId"":""5813d3fffe4e3661"",""rssi"":-107.0,""snr"":7.0,""latitude"":9.02346,""longitude"":-79.53222,""distance_m"":217.7},{""gatewayName"":""5813d3fffe69a1e6"",""gatewayId"":""5813d3fffe69a1e6"",""rssi"":-114.0,""snr"":3.8,""latitude"":9.02193,""longitude"":-79.53217,""distance_m"":323.0}]"
2026-09-04 10:22:42,Tests,SignalTester,ac1f09fffe10547c,field_test,1,49,True,True,9.0240533,-79.5341222,80.0,0.7,12.0,905300000,7,125000,CR_4_5,3,GatewayELIIDobleBanda815,5813d3fffe69a166,-112.0,-72.0,4.0,9.2,55.4,318.9,True,315880010203,49,1,2,"[{""gatewayName"":""GatewayELIIDobleBanda815"",""gatewayId"":""5813d3fffe69a166"",""rssi"":-72.0,""snr"":9.2,""latitude"":9.02454,""longitude"":-79.53423,""distance_m"":55.4},{""gatewayName"":""GatewayFacilidadesDobleBanda815"",""gatewayId"":""5813d3fffe4e3661"",""rssi"":-105.0,""snr"":9.2,""latitude"":9.02345,""longitude"":-79.53223,""distance_m"":218.4},{""gatewayName"":""5813d3fffe69a1e6"",""gatewayId"":""5813d3fffe69a1e6"",""rssi"":-112.0,""snr"":4.0,""latitude"":9.02193,""longitude"":-79.53217,""distance_m"":318.9}]"
2026-09-04 10:22:57,Tests,SignalTester,ac1f09fffe10547c,field_test,1,50,True,True,9.0239345,-79.5341652,80.0,0.9,12.0,904900000,7,125000,CR_4_5,3,GatewayELIIDobleBanda815,5813d3fffe69a166,-118.0,-83.0,-0.8,10.8,67.7,312.6,True,325275010203,50,1,2,"[{""gatewayName"":""GatewayELIIDobleBanda815"",""gatewayId"":""5813d3fffe69a166"",""rssi"":-83.0,""snr"":10.8,""latitude"":9.02454,""longitude"":-79.53423,""distance_m"":67.7},{""gatewayName"":""GatewayFacilidadesDobleBanda815"",""gatewayId"":""5813d3fffe4e3661"",""rssi"":-106.0,""snr"":9.8,""latitude"":9.02345,""longitude"":-79.53223,""distance_m"":219.2},{""gatewayName"":""5813d3fffe69a1e6"",""gatewayId"":""5813d3fffe69a1e6"",""rssi"":-118.0,""snr"":-0.8,""latitude"":9.02193,""longitude"":-79.53217,""distance_m"":312.6}]"
2026-09-04 10:23:12,Tests,SignalTester,ac1f09fffe10547c,field_test,1,51,True,True,9.0238265,-79.5341652,76.0,0.7,12.0,904500000,7,125000,CR_4_5,2,GatewayELIIDobleBanda815,5813d3fffe69a166,-109.0,-85.0,4.2,8.2,79.7,216.6,True,335b73010102,51,1,1,"[{""gatewayName"":""GatewayELIIDobleBanda815"",""gatewayId"":""5813d3fffe69a166"",""rssi"":-85.0,""snr"":8.2,""latitude"":9.02454,""longitude"":-79.53423,""distance_m"":79.7},{""gatewayName"":""GatewayFacilidadesDobleBanda815"",""gatewayId"":""5813d3fffe4e3661"",""rssi"":-109.0,""snr"":4.2,""latitude"":9.02345,""longitude"":-79.53223,""distance_m"":216.6}]"
2026-09-04 10:23:26,Tests,SignalTester,ac1f09fffe10547c,field_test,1,52,True,True,9.0237185,-79.5341222,75.0,0.6,15.0,904100000,7,125000,CR_4_5,3,GatewayELIIDobleBanda815,5813d3fffe69a166,-111.0,-87.0,5.8,9.5,92.1,292.4,True,345971010203,52,1,2,"[{""gatewayName"":""GatewayELIIDobleBanda815"",""gatewayId"":""5813d3fffe69a166"",""rssi"":-87.0,""snr"":9.5,""latitude"":9.02454,""longitude"":-79.53423,""distance_m"":92.1},{""gatewayName"":""GatewayFacilidadesDobleBanda815"",""gatewayId"":""5813d3fffe4e3661"",""rssi"":-107.0,""snr"":9.5,""latitude"":9.02345,""longitude"":-79.53223,""distance_m"":209.9},{""gatewayName"":""5813d3fffe69a1e6"",""gatewayId"":""5813d3fffe69a1e6"",""rssi"":-111.0,""snr"":5.8,""latitude"":9.02193,""longitude"":-79.53217,""distance_m"":292.4}]"
2026-09-04 10:23:42,Tests,SignalTester,ac1f09fffe10547c,field_test,1,53,True,True,9.0235997,-79.5340792,75.0,0.6,15.0,904700000,7,125000,CR_4_5,3,GatewayELIIDobleBanda815,5813d3fffe69a166,-118.0,-81.0,-0.2,10.2,105.9,280.1,True,355277010203,53,1,2,"[{""gatewayName"":""GatewayELIIDobleBanda815"",""gatewayId"":""5813d3fffe69a166"",""rssi"":-81.0,""snr"":10.2,""latitude"":9.02454,""longitude"":-79.53423,""distance_m"":105.9},{""gatewayName"":""GatewayFacilidadesDobleBanda815"",""gatewayId"":""5813d3fffe4e3661"",""rssi"":-105.0,""snr"":9.0,""latitude"":9.02345,""longitude"":-79.53224,""distance_m"":202.7},{""gatewayName"":""5813d3fffe69a1e6"",""gatewayId"":""5813d3fffe69a1e6"",""rssi"":-118.0,""snr"":-0.2,""latitude"":9.02193,""longitude"":-79.53217,""distance_m"":280.1}]"
2026-09-04 10:23:57,Tests,SignalTester,ac1f09fffe10547c,field_test,1,54,True,True,9.0235133,-79.5340147,76.0,0.7,12.0,903900000,7,125000,CR_4_5,3,GatewayELIIDobleBanda815,5813d3fffe69a166,-118.0,-78.0,-1.5,9.0,116.6,268.4,True,36527a010203,54,1,2,"[{""gatewayName"":""GatewayELIIDobleBanda815"",""gatewayId"":""5813d3fffe69a166"",""rssi"":-78.0,""snr"":9.0,""latitude"":9.02454,""longitude"":-79.53423,""distance_m"":116.6},{""gatewayName"":""GatewayFacilidadesDobleBanda815"",""gatewayId"":""5813d3fffe4e3661"",""rssi"":-105.0,""snr"":9.0,""latitude"":9.02345,""longitude"":-79.53224,""distance_m"":195.0},{""gatewayName"":""5813d3fffe69a1e6"",""gatewayId"":""5813d3fffe69a1e6"",""rssi"":-118.0,""snr"":-1.5,""latitude"":9.02193,""longitude"":-79.53217,""distance_m"":268.4}]"
2026-09-04 10:24:12,Tests,SignalTester,ac1f09fffe10547c,field_test,1,55,True,True,9.0234593,-79.5339932,76.0,0.7,13.0,903900000,7,125000,CR_4_5,3,GatewayELIIDobleBanda815,5813d3fffe69a166,-109.0,-95.0,6.8,9.5,122.9,262.7,True,375b69010203,55,1,2,"[{""gatewayName"":""GatewayELIIDobleBanda815"",""gatewayId"":""5813d3fffe69a166"",""rssi"":-95.0,""snr"":9.5,""latitude"":9.02454,""longitude"":-79.53423,""distance_m"":122.9},{""gatewayName"":""5813d3fffe69a1e6"",""gatewayId"":""5813d3fffe69a1e6"",""rssi"":-107.0,""snr"":6.8,""latitude"":9.02193,""longitude"":-79.53217,""distance_m"":262.7},{""gatewayName"":""GatewayFacilidadesDobleBanda815"",""gatewayId"":""5813d3fffe4e3661"",""rssi"":-109.0,""snr"":8.0,""latitude"":9.02345,""longitude"":-79.53224,""distance_m"":192.5}]"
2026-09-04 10:24:27,Tests,SignalTester,ac1f09fffe10547c,field_test,1,56,True,True,9.0234485,-79.5339932,79.0,0.6,14.0,905300000,7,125000,CR_4_5,3,GatewayELIIDobleBanda815,5813d3fffe69a166,-115.0,-87.0,-0.5,9.8,123.0,261.9,True,385571010203,56,1,2,"[{""gatewayName"":""GatewayELIIDobleBanda815"",""gatewayId"":""5813d3fffe69a166"",""rssi"":-87.0,""snr"":9.2,""latitude"":9.02453,""longitude"":-79.53423,""distance_m"":123.0},{""gatewayName"":""GatewayFacilidadesDobleBanda815"",""gatewayId"":""5813d3fffe4e3661"",""rssi"":-96.0,""snr"":9.8,""latitude"":9.02345,""longitude"":-79.53224,""distance_m"":192.5},{""gatewayName"":""5813d3fffe69a1e6"",""gatewayId"":""5813d3fffe69a1e6"",""rssi"":-115.0,""snr"":-0.5,""latitude"":9.02193,""longitude"":-79.53217,""distance_m"":261.9}]"
2026-09-04 10:24:42,Tests,SignalTester,ac1f09fffe10547c,field_test,1,57,True,True,9.0234161,-79.5339717,78.0,0.7,13.0,904500000,7,125000,CR_4_5,3,GatewayELIIDobleBanda815,5813d3fffe69a166,-113.0,-88.0,6.2,8.5,127.1,257.8,True,395770010203,57,1,2,"[{""gatewayName"":""GatewayELIIDobleBanda815"",""gatewayId"":""5813d3fffe69a166"",""rssi"":-88.0,""snr"":8.5,""latitude"":9.02453,""longitude"":-79.53423,""distance_m"":127.1},{""gatewayName"":""5813d3fffe69a1e6"",""gatewayId"":""5813d3fffe69a1e6"",""rssi"":-112.0,""snr"":6.2,""latitude"":9.02193,""longitude"":-79.53217,""distance_m"":257.8},{""gatewayName"":""GatewayFacilidadesDobleBanda815"",""gatewayId"":""5813d3fffe4e3661"",""rssi"":-113.0,""snr"":6.2,""latitude"":9.02345,""longitude"":-79.53224,""distance_m"":190.2}]"
2026-09-04 10:24:57,Tests,SignalTester,ac1f09fffe10547c,field_test,1,58,True,True,9.0233189,-79.5339287,75.0,0.8,13.0,904900000,7,125000,CR_4_5,3,GatewayELIIDobleBanda815,5813d3fffe69a166,-105.0,-85.0,8.8,9.2,138.7,247.3,True,3a5f73010103,58,1,1,"[{""gatewayName"":""GatewayELIIDobleBanda815"",""gatewayId"":""5813d3fffe69a166"",""rssi"":-85.0,""snr"":9.2,""latitude"":9.02453,""longitude"":-79.53423,""distance_m"":138.7},{""gatewayName"":""GatewayFacilidadesDobleBanda815"",""gatewayId"":""5813d3fffe4e3661"",""rssi"":-101.0,""snr"":9.2,""latitude"":9.02345,""longitude"":-79.53224,""distance_m"":186.0},{""gatewayName"":""5813d3fffe69a1e6"",""gatewayId"":""5813d3fffe69a1e6"",""rssi"":-105.0,""snr"":8.8,""latitude"":9.02193,""longitude"":-79.53217,""distance_m"":247.3}]"
2026-09-04 10:25:11,Tests,SignalTester,ac1f09fffe10547c,field_test,1,59,True,True,9.0232649,-79.5338212,77.0,0.7,10.0,904300000,7,125000,CR_4_5,3,GatewayFacilidadesDobleBanda815,5813d3fffe4e3661,-114.0,-93.0,-1.5,7.5,147.7,234.3,True,3b566b010103,59,1,1,"[{""gatewayName"":""GatewayFacilidadesDobleBanda815"",""gatewayId"":""5813d3fffe4e3661"",""rssi"":-93.0,""snr"":7.0,""latitude"":9.02345,""longitude"":-79.53223,""distance_m"":176.0},{""gatewayName"":""GatewayELIIDobleBanda815"",""gatewayId"":""5813d3fffe69a166"",""rssi"":-99.0,""snr"":7.5,""latitude"":9.02453,""longitude"":-79.53423,""distance_m"":147.7},{""gatewayName"":""5813d3fffe69a1e6"",""gatewayId"":""5813d3fffe69a1e6"",""rssi"":-114.0,""snr"":-1.5,""latitude"":9.02193,""longitude"":-79.53217,""distance_m"":234.3}]"
2026-09-04 10:25:27,Tests,SignalTester,ac1f09fffe10547c,field_test,1,60,True,True,9.0233297,-79.5336707,77.0,0.8,11.0,904100000,7,125000,CR_4_5,3,GatewayFacilidadesDobleBanda815,5813d3fffe4e3661,-115.0,-94.0,-1.5,9.8,147.9,226.7,True,3c556a010103,60,1,1,"[{""gatewayName"":""GatewayFacilidadesDobleBanda815"",""gatewayId"":""5813d3fffe4e3661"",""rssi"":-94.0,""snr"":8.8,""latitude"":9.02345,""longitude"":-79.53223,""distance_m"":158.8},{""gatewayName"":""GatewayELIIDobleBanda815"",""gatewayId"":""5813d3fffe69a166"",""rssi"":-94.0,""snr"":9.8,""latitude"":9.02454,""longitude"":-79.53423,""distance_m"":147.9},{""gatewayName"":""5813d3fffe69a1e6"",""gatewayId"":""5813d3fffe69a1e6"",""rssi"":-115.0,""snr"":-1.5,""latitude"":9.02193,""longitude"":-79.53217,""distance_m"":226.7}]"
2026-09-04 10:25:42,Tests,SignalTester,ac1f09fffe10547c,field_test,1,61,True,True,9.0234161,-79.5335417,79.0,0.8,11.0,905300000,7,125000,CR_4_5,2,GatewayELIIDobleBanda815,5813d3fffe69a166,-113.0,-95.0,5.0,9.0,146.1,223.6,True,3d5769010102,61,1,1,"[{""gatewayName"":""GatewayELIIDobleBanda815"",""gatewayId"":""5813d3fffe69a166"",""rssi"":-95.0,""snr"":9.0,""latitude"":9.02454,""longitude"":-79.53423,""distance_m"":146.1},{""gatewayName"":""5813d3fffe69a1e6"",""gatewayId"":""5813d3fffe69a1e6"",""rssi"":-113.0,""snr"":5.0,""latitude"":9.02193,""longitude"":-79.53217,""distance_m"":223.6}]"
2026-09-04 10:25:57,Tests,SignalTester,ac1f09fffe10547c,field_test,1,62,True,True,9.0234701,-79.5334557,85.0,0.6,13.0,905100000,7,125000,CR_4_5,3,GatewayFacilidadesDobleBanda815,5813d3fffe4e3661,-111.0,-93.0,8.2,9.5,133.5,222.0,True,3e596b010103,62,1,1,"[{""gatewayName"":""GatewayFacilidadesDobleBanda815"",""gatewayId"":""5813d3fffe4e3661"",""rssi"":-93.0,""snr"":9.2,""latitude"":9.02345,""longitude"":-79.53224,""distance_m"":133.5},{""gatewayName"":""5813d3fffe69a1e6"",""gatewayId"":""5813d3fffe69a1e6"",""rssi"":-99.0,""snr"":9.5,""latitude"":9.02193,""longitude"":-79.53217,""distance_m"":222.0},{""gatewayName"":""GatewayELIIDobleBanda815"",""gatewayId"":""5813d3fffe69a166"",""rssi"":-111.0,""snr"":8.2,""latitude"":9.02454,""longitude"":-79.53423,""distance_m"":146.2}]"
2026-09-04 10:26:11,Tests,SignalTester,ac1f09fffe10547c,field_test,1,63,True,True,9.0234593,-79.5334127,91.0,0.6,14.0,904700000,7,125000,CR_4_5,3,GatewayFacilidadesDobleBanda815,5813d3fffe4e3661,-103.0,-87.0,2.5,8.2,129.9,218.0,True,3f6171010103,63,1,1,"[{""gatewayName"":""GatewayFacilidadesDobleBanda815"",""gatewayId"":""5813d3fffe4e3661"",""rssi"":-87.0,""snr"":8.2,""latitude"":9.02344,""longitude"":-79.53223,""distance_m"":129.9},{""gatewayName"":""5813d3fffe69a1e6"",""gatewayId"":""5813d3fffe69a1e6"",""rssi"":-101.0,""snr"":8.2,""latitude"":9.02193,""longitude"":-79.53217,""distance_m"":218.0},{""gatewayName"":""GatewayELIIDobleBanda815"",""gatewayId"":""5813d3fffe69a166"",""rssi"":-103.0,""snr"":2.5,""latitude"":9.02454,""longitude"":-79.53423,""distance_m"":150.0}]"
2026-09-04 10:26:27,Tests,SignalTester,ac1f09fffe10547c,field_test,1,64,True,True,9.0234701,-79.5333697,96.0,0.6,14.0,904100000,7,125000,CR_4_5,3,5813d3fffe69a1e6,5813d3fffe69a1e6,-94.0,-87.0,9.8,10.2,125.2,216.1,True,406a71010103,64,1,1,"[{""gatewayName"":""5813d3fffe69a1e6"",""gatewayId"":""5813d3fffe69a1e6"",""rssi"":-87.0,""snr"":10.2,""latitude"":9.02193,""longitude"":-79.53217,""distance_m"":216.1},{""gatewayName"":""GatewayFacilidadesDobleBanda815"",""gatewayId"":""5813d3fffe4e3661"",""rssi"":-88.0,""snr"":10.2,""latitude"":9.02344,""longitude"":-79.53223,""distance_m"":125.2},{""gatewayName"":""GatewayELIIDobleBanda815"",""gatewayId"":""5813d3fffe69a166"",""rssi"":-94.0,""snr"":9.8,""latitude"":9.02454,""longitude"":-79.53423,""distance_m"":151.9}]"
2026-09-04 10:26:42,Tests,SignalTester,ac1f09fffe10547c,field_test,1,65,True,True,9.0234917,-79.5332407,85.0,0.7,12.0,904500000,7,125000,CR_4_5,2,GatewayFacilidadesDobleBanda815,5813d3fffe4e3661,-96.0,-75.0,10.0,10.8,111.1,159.3,True,41687d010102,65,1,1,"[{""gatewayName"":""GatewayFacilidadesDobleBanda815"",""gatewayId"":""5813d3fffe4e3661"",""rssi"":-75.0,""snr"":10.8,""latitude"":9.02344,""longitude"":-79.53223,""distance_m"":111.1},{""gatewayName"":""GatewayELIIDobleBanda815"",""gatewayId"":""5813d3fffe69a166"",""rssi"":-96.0,""snr"":10.0,""latitude"":9.02454,""longitude"":-79.53423,""distance_m"":159.3}]"
2026-09-04 10:26:57,Tests,SignalTester,ac1f09fffe10547c,field_test,1,66,True,True,9.0235025,-79.5331117,84.0,0.7,16.0,903900000,7,125000,CR_4_5,3,GatewayFacilidadesDobleBanda815,5813d3fffe4e3661,-101.0,-96.0,8.5,9.5,97.1,204.1,True,426368010103,66,1,1,"[{""gatewayName"":""GatewayFacilidadesDobleBanda815"",""gatewayId"":""5813d3fffe4e3661"",""rssi"":-96.0,""snr"":9.2,""latitude"":9.02344,""longitude"":-79.53223,""distance_m"":97.1},{""gatewayName"":""GatewayELIIDobleBanda815"",""gatewayId"":""5813d3fffe69a166"",""rssi"":-99.0,""snr"":8.5,""latitude"":9.02454,""longitude"":-79.53423,""distance_m"":168.5},{""gatewayName"":""5813d3fffe69a1e6"",""gatewayId"":""5813d3fffe69a1e6"",""rssi"":-101.0,""snr"":9.5,""latitude"":9.02192,""longitude"":-79.53217,""distance_m"":204.1}]"
