time,gatewayId,deviceName,gwSeq,accXRMS,accYRMS,accZRMS,temperature,humidity,bvoc,iaq,anomaly,label,classConfidence
2026-08-21 00:06:57,OPTA,NICLABH1,2355563,0.0427,0.0828,1.0015,30.63,55.3,1.18,1310.0,0.414,Motor_en_operacion,0.996
2026-08-21 00:16:57,OPTA,NICLABH1,2356059,0.0425,0.083,1.0017,30.34,54.29,1.3,1420.0,0.349,Motor_en_operacion,0.996
2026-08-21 00:26:58,OPTA,NICLABH1,2356553,0.0425,0.083,1.001,30.25,55.23,1.27,1400.0,0.423,Motor_en_operacion,0.996
2026-08-21 00:36:59,OPTA,NICLABH1,2357048,0.043,0.083,1.002,30.1,55.25,1.18,1340.0,0.376,Motor_en_operacion,0.996
2026-08-21 00:46:59,OPTA,NICLABH1,2357545,0.0415,0.0818,1.002,30.1,55.26,1.33,1480.0,0.571,Motor_en_operacion,0.996
2026-08-21 00:57:00,OPTA,NICLABH1,2358041,0.042,0.0806,1.001,30.0,55.31,1.24,1390.0,0.539,Motor_en_operacion,0.996
2026-08-21 01:07:00,OPTA,NICLABH1,2358535,0.0422,0.0825,1.001,29.86,55.27,1.33,1490.0,0.86,Motor_en_operacion,0.996
2026-08-21 01:17:00,OPTA,NICLABH1,2359030,0.0417,0.0815,1.001,29.88,56.25,1.33,1490.0,0.318,Motor_en_operacion,0.996
2026-08-21 01:27:01,OPTA,NICLABH1,2359525,0.0442,0.0833,1.002,29.84,55.32,1.24,1420.0,1.181,Motor_en_operacion,0.996
